;cdx_url
0;https://web.archive.org/web/20220101000713/http://news.sky.com/
1;https://web.archive.org/web/20220101010746/http://news.sky.com/
2;https://web.archive.org/web/20220101020813/http://news.sky.com/
3;https://web.archive.org/web/20220101023424/http://news.sky.com/
4;https://web.archive.org/web/20220101023425/https://news.sky.com/
5;https://web.archive.org/web/20220101024719/https://news.sky.com/
6;https://web.archive.org/web/20220101024745/http://news.sky.com/
7;https://web.archive.org/web/20220101030727/http://news.sky.com/
8;https://web.archive.org/web/20220101040743/http://news.sky.com/
9;https://web.archive.org/web/20220101045437/https://news.sky.com/
10;https://web.archive.org/web/20220101060719/http://news.sky.com/
11;https://web.archive.org/web/20220101070714/http://news.sky.com/
12;https://web.archive.org/web/20220101080759/http://news.sky.com/
13;https://web.archive.org/web/20220101092358/http://news.sky.com/
14;https://web.archive.org/web/20220101100731/http://news.sky.com/
15;https://web.archive.org/web/20220101110735/http://news.sky.com/
16;https://web.archive.org/web/20220101120740/http://news.sky.com/
17;https://web.archive.org/web/20220101130711/http://news.sky.com/
18;https://web.archive.org/web/20220101140723/http://news.sky.com/
19;https://web.archive.org/web/20220101142228/https://news.sky.com/
20;https://web.archive.org/web/20220101150719/http://news.sky.com/
21;https://web.archive.org/web/20220101153846/https://news.sky.com/
22;https://web.archive.org/web/20220101160803/http://news.sky.com/
23;https://web.archive.org/web/20220101170737/http://news.sky.com/
24;https://web.archive.org/web/20220101172413/https://news.sky.com/
25;https://web.archive.org/web/20220101180725/http://news.sky.com/
26;https://web.archive.org/web/20220101183653/https://news.sky.com/
27;https://web.archive.org/web/20220101190724/http://news.sky.com/
28;https://web.archive.org/web/20220101200726/http://news.sky.com/
29;https://web.archive.org/web/20220101210320/https://news.sky.com/
30;https://web.archive.org/web/20220101210729/http://news.sky.com/
31;https://web.archive.org/web/20220101210729/https://news.sky.com/
32;https://web.archive.org/web/20220101220703/http://news.sky.com/
33;https://web.archive.org/web/20220101230822/http://news.sky.com/
34;https://web.archive.org/web/20220102000755/http://news.sky.com/
35;https://web.archive.org/web/20220102010810/http://news.sky.com/
36;https://web.archive.org/web/20220102020713/http://news.sky.com/
37;https://web.archive.org/web/20220102030818/http://news.sky.com/
38;https://web.archive.org/web/20220102030818/https://news.sky.com/
39;https://web.archive.org/web/20220102040738/http://news.sky.com/
40;https://web.archive.org/web/20220102050337/https://news.sky.com/
41;https://web.archive.org/web/20220102060732/http://news.sky.com/
42;https://web.archive.org/web/20220102070750/http://news.sky.com/
43;https://web.archive.org/web/20220102080134/https://news.sky.com/
44;https://web.archive.org/web/20220102080759/http://news.sky.com/
45;https://web.archive.org/web/20220102090723/http://news.sky.com/
46;https://web.archive.org/web/20220102100737/http://news.sky.com/
47;https://web.archive.org/web/20220102110753/http://news.sky.com/
48;https://web.archive.org/web/20220102113534/https://news.sky.com/
49;https://web.archive.org/web/20220102115234/https://news.sky.com/
50;https://web.archive.org/web/20220102115358/https://news.sky.com/
51;https://web.archive.org/web/20220102120734/http://news.sky.com/
52;https://web.archive.org/web/20220102130734/http://news.sky.com/
53;https://web.archive.org/web/20220102140713/http://news.sky.com/
54;https://web.archive.org/web/20220102150716/http://news.sky.com/
55;https://web.archive.org/web/20220102161337/http://news.sky.com/
56;https://web.archive.org/web/20220102170449/https://news.sky.com/
57;https://web.archive.org/web/20220102170823/http://news.sky.com/
58;https://web.archive.org/web/20220102170823/https://news.sky.com/
59;https://web.archive.org/web/20220102180708/http://news.sky.com/
60;https://web.archive.org/web/20220102190717/http://news.sky.com/
61;https://web.archive.org/web/20220102190717/https://news.sky.com/
62;https://web.archive.org/web/20220102200736/http://news.sky.com/
63;https://web.archive.org/web/20220102210737/http://news.sky.com/
64;https://web.archive.org/web/20220102220740/http://news.sky.com/
65;https://web.archive.org/web/20220102220740/https://news.sky.com/
66;https://web.archive.org/web/20220102230317/http://news.sky.com/
67;https://web.archive.org/web/20220102230412/https://news.sky.com/
68;https://web.archive.org/web/20220102230737/http://news.sky.com/
69;https://web.archive.org/web/20220102230737/https://news.sky.com/
70;https://web.archive.org/web/20220103000747/http://news.sky.com/
71;https://web.archive.org/web/20220103000747/https://news.sky.com/
72;https://web.archive.org/web/20220103010742/http://news.sky.com/
73;https://web.archive.org/web/20220103020735/http://news.sky.com/
74;https://web.archive.org/web/20220103020735/https://news.sky.com/
75;https://web.archive.org/web/20220103030707/http://news.sky.com/
76;https://web.archive.org/web/20220103030707/https://news.sky.com/
77;https://web.archive.org/web/20220103040716/http://news.sky.com/
78;https://web.archive.org/web/20220103045550/https://news.sky.com/
79;https://web.archive.org/web/20220103050724/http://news.sky.com/
80;https://web.archive.org/web/20220103060750/http://news.sky.com/
81;https://web.archive.org/web/20220103070729/http://news.sky.com/
82;https://web.archive.org/web/20220103070729/https://news.sky.com/
83;https://web.archive.org/web/20220103080708/http://news.sky.com/
84;https://web.archive.org/web/20220103090714/http://news.sky.com/
85;https://web.archive.org/web/20220103100724/http://news.sky.com/
86;https://web.archive.org/web/20220103110739/http://news.sky.com/
87;https://web.archive.org/web/20220103120734/http://news.sky.com/
88;https://web.archive.org/web/20220103130747/http://news.sky.com/
89;https://web.archive.org/web/20220103140731/http://news.sky.com/
90;https://web.archive.org/web/20220103150802/http://news.sky.com/
91;https://web.archive.org/web/20220103151357/https://news.sky.com/
92;https://web.archive.org/web/20220103160721/http://news.sky.com/
93;https://web.archive.org/web/20220103165812/https://news.sky.com/
94;https://web.archive.org/web/20220103170737/http://news.sky.com/
95;https://web.archive.org/web/20220103180736/http://news.sky.com/
96;https://web.archive.org/web/20220103190857/http://news.sky.com/
97;https://web.archive.org/web/20220103190857/https://news.sky.com/
98;https://web.archive.org/web/20220103200814/http://news.sky.com/
99;https://web.archive.org/web/20220103200814/https://news.sky.com/
100;https://web.archive.org/web/20220103205733/https://news.sky.com/
101;https://web.archive.org/web/20220103210745/http://news.sky.com/
102;https://web.archive.org/web/20220103210745/https://news.sky.com/
103;https://web.archive.org/web/20220103220731/http://news.sky.com/
104;https://web.archive.org/web/20220103220731/https://news.sky.com/
105;https://web.archive.org/web/20220103230727/http://news.sky.com/
106;https://web.archive.org/web/20220103230727/https://news.sky.com/
107;https://web.archive.org/web/20220104000730/http://news.sky.com/
108;https://web.archive.org/web/20220104010809/http://news.sky.com/
109;https://web.archive.org/web/20220104010809/https://news.sky.com/
110;https://web.archive.org/web/20220104011747/http://news.sky.com/
111;https://web.archive.org/web/20220104011748/https://news.sky.com/
112;https://web.archive.org/web/20220104020709/http://news.sky.com/
113;https://web.archive.org/web/20220104020709/https://news.sky.com/
114;https://web.archive.org/web/20220104030731/http://news.sky.com/
115;https://web.archive.org/web/20220104030731/https://news.sky.com/
116;https://web.archive.org/web/20220104041655/http://news.sky.com/
117;https://web.archive.org/web/20220104050727/http://news.sky.com/
118;https://web.archive.org/web/20220104060852/http://news.sky.com/
119;https://web.archive.org/web/20220104060852/https://news.sky.com/
120;https://web.archive.org/web/20220104061431/http://news.sky.com/
121;https://web.archive.org/web/20220104070745/http://news.sky.com/
122;https://web.archive.org/web/20220104080838/http://news.sky.com/
123;https://web.archive.org/web/20220104090737/http://news.sky.com/
124;https://web.archive.org/web/20220104100745/http://news.sky.com/
125;https://web.archive.org/web/20220104110723/http://news.sky.com/
126;https://web.archive.org/web/20220104120908/http://news.sky.com/
127;https://web.archive.org/web/20220104130745/http://news.sky.com/
128;https://web.archive.org/web/20220104140733/http://news.sky.com/
129;https://web.archive.org/web/20220104150716/http://news.sky.com/
130;https://web.archive.org/web/20220104160755/http://news.sky.com/
131;https://web.archive.org/web/20220104165456/https://news.sky.com/
132;https://web.archive.org/web/20220104170820/http://news.sky.com/
133;https://web.archive.org/web/20220104180800/http://news.sky.com/
134;https://web.archive.org/web/20220104184655/http://news.sky.com/
135;https://web.archive.org/web/20220104184657/https://news.sky.com/
136;https://web.archive.org/web/20220104204231/https://news.sky.com/
137;https://web.archive.org/web/20220104215301/https://news.sky.com/
138;https://web.archive.org/web/20220105000734/http://news.sky.com/
139;https://web.archive.org/web/20220105020744/http://news.sky.com/
140;https://web.archive.org/web/20220105030707/http://news.sky.com/
141;https://web.archive.org/web/20220105040717/http://news.sky.com/
142;https://web.archive.org/web/20220105042942/http://news.sky.com/
143;https://web.archive.org/web/20220105042942/https://news.sky.com/
144;https://web.archive.org/web/20220105050256/https://news.sky.com/
145;https://web.archive.org/web/20220105060717/http://news.sky.com/
146;https://web.archive.org/web/20220105070715/http://news.sky.com/
147;https://web.archive.org/web/20220105080753/http://news.sky.com/
148;https://web.archive.org/web/20220105090721/http://news.sky.com/
149;https://web.archive.org/web/20220105100737/http://news.sky.com/
150;https://web.archive.org/web/20220105110727/http://news.sky.com/
151;https://web.archive.org/web/20220105120727/http://news.sky.com/
152;https://web.archive.org/web/20220105121316/https://news.sky.com/
153;https://web.archive.org/web/20220105130755/http://news.sky.com/
154;https://web.archive.org/web/20220105140732/http://news.sky.com/
155;https://web.archive.org/web/20220105150826/http://news.sky.com/
156;https://web.archive.org/web/20220105160744/http://news.sky.com/
157;https://web.archive.org/web/20220105170721/http://news.sky.com/
158;https://web.archive.org/web/20220105171610/https://news.sky.com/
159;https://web.archive.org/web/20220105180807/http://news.sky.com/
160;https://web.archive.org/web/20220105185240/http://news.sky.com/
161;https://web.archive.org/web/20220105185241/https://news.sky.com/
162;https://web.archive.org/web/20220105190733/http://news.sky.com/
163;https://web.archive.org/web/20220105200751/http://news.sky.com/
164;https://web.archive.org/web/20220105210735/http://news.sky.com/
165;https://web.archive.org/web/20220105220710/http://news.sky.com/
166;https://web.archive.org/web/20220105230749/http://news.sky.com/
167;https://web.archive.org/web/20220106000742/http://news.sky.com/
168;https://web.archive.org/web/20220106005312/https://news.sky.com/
169;https://web.archive.org/web/20220106010727/http://news.sky.com/
170;https://web.archive.org/web/20220106020748/http://news.sky.com/
171;https://web.archive.org/web/20220106020748/https://news.sky.com/
172;https://web.archive.org/web/20220106030737/http://news.sky.com/
173;https://web.archive.org/web/20220106030737/https://news.sky.com/
174;https://web.archive.org/web/20220106040749/http://news.sky.com/
175;https://web.archive.org/web/20220106040749/https://news.sky.com/
176;https://web.archive.org/web/20220106050441/https://news.sky.com/
177;https://web.archive.org/web/20220106060725/http://news.sky.com/
178;https://web.archive.org/web/20220106070755/http://news.sky.com/
179;https://web.archive.org/web/20220106075546/http://news.sky.com/
180;https://web.archive.org/web/20220106075624/https://news.sky.com/
181;https://web.archive.org/web/20220106080915/http://news.sky.com/
182;https://web.archive.org/web/20220106090821/http://news.sky.com/
183;https://web.archive.org/web/20220106100734/http://news.sky.com/
184;https://web.archive.org/web/20220106110727/http://news.sky.com/
185;https://web.archive.org/web/20220106121319/http://news.sky.com/
186;https://web.archive.org/web/20220106121732/https://news.sky.com/
187;https://web.archive.org/web/20220106130746/http://news.sky.com/
188;https://web.archive.org/web/20220106140729/http://news.sky.com/
189;https://web.archive.org/web/20220106150745/http://news.sky.com/
190;https://web.archive.org/web/20220106160745/http://news.sky.com/
191;https://web.archive.org/web/20220106170255/https://news.sky.com/
192;https://web.archive.org/web/20220106180757/http://news.sky.com/
193;https://web.archive.org/web/20220106182534/https://news.sky.com/
194;https://web.archive.org/web/20220106190743/http://news.sky.com/
195;https://web.archive.org/web/20220106200733/http://news.sky.com/
196;https://web.archive.org/web/20220106210734/http://news.sky.com/
197;https://web.archive.org/web/20220106221208/http://news.sky.com/
198;https://web.archive.org/web/20220107005551/http://news.sky.com/
199;https://web.archive.org/web/20220107020711/http://news.sky.com/
200;https://web.archive.org/web/20220107020711/https://news.sky.com/
201;https://web.archive.org/web/20220107034552/http://news.sky.com/
202;https://web.archive.org/web/20220107040740/http://news.sky.com/
203;https://web.archive.org/web/20220107050356/https://news.sky.com/
204;https://web.archive.org/web/20220107060828/http://news.sky.com/
205;https://web.archive.org/web/20220107070830/http://news.sky.com/
206;https://web.archive.org/web/20220107080721/http://news.sky.com/
207;https://web.archive.org/web/20220107090748/http://news.sky.com/
208;https://web.archive.org/web/20220107100742/http://news.sky.com/
209;https://web.archive.org/web/20220107110744/https://news.sky.com/
210;https://web.archive.org/web/20220107110748/http://news.sky.com/
211;https://web.archive.org/web/20220107110748/https://news.sky.com/
212;https://web.archive.org/web/20220107120719/http://news.sky.com/
213;https://web.archive.org/web/20220107130907/http://news.sky.com/
214;https://web.archive.org/web/20220107141027/http://news.sky.com/
215;https://web.archive.org/web/20220107141027/https://news.sky.com/
216;https://web.archive.org/web/20220107150749/http://news.sky.com/
217;https://web.archive.org/web/20220107160851/http://news.sky.com/
218;https://web.archive.org/web/20220107170411/https://news.sky.com/
219;https://web.archive.org/web/20220107170840/http://news.sky.com/
220;https://web.archive.org/web/20220107180804/http://news.sky.com/
221;https://web.archive.org/web/20220107192509/http://news.sky.com/
222;https://web.archive.org/web/20220107200823/http://news.sky.com/
223;https://web.archive.org/web/20220107200823/https://news.sky.com/
224;https://web.archive.org/web/20220107210751/http://news.sky.com/
225;https://web.archive.org/web/20220107220742/http://news.sky.com/
226;https://web.archive.org/web/20220107220742/https://news.sky.com/
227;https://web.archive.org/web/20220107234731/http://news.sky.com/
228;https://web.archive.org/web/20220107235824/https://news.sky.com/
229;https://web.archive.org/web/20220108013301/http://news.sky.com/
230;https://web.archive.org/web/20220108021912/http://news.sky.com/
231;https://web.archive.org/web/20220108021912/https://news.sky.com/
232;https://web.archive.org/web/20220108031910/http://news.sky.com/
233;https://web.archive.org/web/20220108031910/https://news.sky.com/
234;https://web.archive.org/web/20220108041728/http://news.sky.com/
235;https://web.archive.org/web/20220108044150/http://news.sky.com/
236;https://web.archive.org/web/20220108063633/http://news.sky.com/
237;https://web.archive.org/web/20220108063633/https://news.sky.com/
238;https://web.archive.org/web/20220108063909/http://news.sky.com/
239;https://web.archive.org/web/20220108063909/https://news.sky.com/
240;https://web.archive.org/web/20220108073856/http://news.sky.com/
241;https://web.archive.org/web/20220108082252/http://news.sky.com/
242;https://web.archive.org/web/20220108082252/https://news.sky.com/
243;https://web.archive.org/web/20220108092242/http://news.sky.com/
244;https://web.archive.org/web/20220108092242/https://news.sky.com/
245;https://web.archive.org/web/20220108101904/http://news.sky.com/
246;https://web.archive.org/web/20220108101904/https://news.sky.com/
247;https://web.archive.org/web/20220108112417/http://news.sky.com/
248;https://web.archive.org/web/20220108115401/https://news.sky.com/
249;https://web.archive.org/web/20220108122600/http://news.sky.com/
250;https://web.archive.org/web/20220108122600/https://news.sky.com/
251;https://web.archive.org/web/20220108130908/http://news.sky.com/
252;https://web.archive.org/web/20220108135756/https://news.sky.com/
253;https://web.archive.org/web/20220108140734/http://news.sky.com/
254;https://web.archive.org/web/20220108140734/https://news.sky.com/
255;https://web.archive.org/web/20220108150755/http://news.sky.com/
256;https://web.archive.org/web/20220108150755/https://news.sky.com/
257;https://web.archive.org/web/20220108160743/http://news.sky.com/
258;https://web.archive.org/web/20220108160743/https://news.sky.com/
259;https://web.archive.org/web/20220108170800/http://news.sky.com/
260;https://web.archive.org/web/20220108170800/https://news.sky.com/
261;https://web.archive.org/web/20220108175800/https://news.sky.com/
262;https://web.archive.org/web/20220108180721/http://news.sky.com/
263;https://web.archive.org/web/20220108190737/http://news.sky.com/
264;https://web.archive.org/web/20220108200732/http://news.sky.com/
265;https://web.archive.org/web/20220108200732/https://news.sky.com/
266;https://web.archive.org/web/20220108205235/https://news.sky.com/
267;https://web.archive.org/web/20220108210746/http://news.sky.com/
268;https://web.archive.org/web/20220108220728/http://news.sky.com/
269;https://web.archive.org/web/20220108230723/http://news.sky.com/
270;https://web.archive.org/web/20220108235537/https://news.sky.com/
271;https://web.archive.org/web/20220109030729/http://news.sky.com/
272;https://web.archive.org/web/20220109032859/http://news.sky.com/
273;https://web.archive.org/web/20220109032859/https://news.sky.com/
274;https://web.archive.org/web/20220109040804/http://news.sky.com/
275;https://web.archive.org/web/20220109045822/https://news.sky.com/
276;https://web.archive.org/web/20220109050806/http://news.sky.com/
277;https://web.archive.org/web/20220109060810/http://news.sky.com/
278;https://web.archive.org/web/20220109060810/https://news.sky.com/
279;https://web.archive.org/web/20220109070735/http://news.sky.com/
280;https://web.archive.org/web/20220109080725/http://news.sky.com/
281;https://web.archive.org/web/20220109090722/http://news.sky.com/
282;https://web.archive.org/web/20220109094704/https://news.sky.com/
283;https://web.archive.org/web/20220109100801/http://news.sky.com/
284;https://web.archive.org/web/20220109110821/http://news.sky.com/
285;https://web.archive.org/web/20220109125159/http://news.sky.com/
286;https://web.archive.org/web/20220109130748/http://news.sky.com/
287;https://web.archive.org/web/20220109140747/http://news.sky.com/
288;https://web.archive.org/web/20220109150735/http://news.sky.com/
289;https://web.archive.org/web/20220109160720/http://news.sky.com/
290;https://web.archive.org/web/20220109165853/https://news.sky.com/
291;https://web.archive.org/web/20220109170749/http://news.sky.com/
292;https://web.archive.org/web/20220109180720/http://news.sky.com/
293;https://web.archive.org/web/20220109180720/https://news.sky.com/
294;https://web.archive.org/web/20220109190724/http://news.sky.com/
295;https://web.archive.org/web/20220109200712/http://news.sky.com/
296;https://web.archive.org/web/20220109210707/http://news.sky.com/
297;https://web.archive.org/web/20220109212449/https://news.sky.com/
298;https://web.archive.org/web/20220109220752/http://news.sky.com/
299;https://web.archive.org/web/20220109230723/http://news.sky.com/
300;https://web.archive.org/web/20220110010747/http://news.sky.com/
301;https://web.archive.org/web/20220110015522/http://news.sky.com/
302;https://web.archive.org/web/20220110020705/http://news.sky.com/
303;https://web.archive.org/web/20220110030818/http://news.sky.com/
304;https://web.archive.org/web/20220110040736/http://news.sky.com/
305;https://web.archive.org/web/20220110045530/https://news.sky.com/
306;https://web.archive.org/web/20220110050715/http://news.sky.com/
307;https://web.archive.org/web/20220110050715/https://news.sky.com/
308;https://web.archive.org/web/20220110060704/http://news.sky.com/
309;https://web.archive.org/web/20220110070749/http://news.sky.com/
310;https://web.archive.org/web/20220110080735/http://news.sky.com/
311;https://web.archive.org/web/20220110090758/http://news.sky.com/
312;https://web.archive.org/web/20220110093104/https://news.sky.com/
313;https://web.archive.org/web/20220110100723/http://news.sky.com/
314;https://web.archive.org/web/20220110110736/http://news.sky.com/
315;https://web.archive.org/web/20220110110737/https://news.sky.com/
316;https://web.archive.org/web/20220110120737/http://news.sky.com/
317;https://web.archive.org/web/20220110130752/http://news.sky.com/
318;https://web.archive.org/web/20220110140735/http://news.sky.com/
319;https://web.archive.org/web/20220110150716/http://news.sky.com/
320;https://web.archive.org/web/20220110150716/https://news.sky.com/
321;https://web.archive.org/web/20220110155259/https://news.sky.com/
322;https://web.archive.org/web/20220110160755/http://news.sky.com/
323;https://web.archive.org/web/20220110165617/https://news.sky.com/
324;https://web.archive.org/web/20220110170754/http://news.sky.com/
325;https://web.archive.org/web/20220110171923/http://news.sky.com/
326;https://web.archive.org/web/20220110180731/http://news.sky.com/
327;https://web.archive.org/web/20220110190717/http://news.sky.com/
328;https://web.archive.org/web/20220110200746/http://news.sky.com/
329;https://web.archive.org/web/20220110210704/http://news.sky.com/
330;https://web.archive.org/web/20220110212111/https://news.sky.com/
331;https://web.archive.org/web/20220110220731/http://news.sky.com/
332;https://web.archive.org/web/20220110230712/http://news.sky.com/
333;https://web.archive.org/web/20220110230712/https://news.sky.com/
334;https://web.archive.org/web/20220111000746/http://news.sky.com/
335;https://web.archive.org/web/20220111020718/http://news.sky.com/
336;https://web.archive.org/web/20220111020718/https://news.sky.com/
337;https://web.archive.org/web/20220111030729/http://news.sky.com/
338;https://web.archive.org/web/20220111040726/http://news.sky.com/
339;https://web.archive.org/web/20220111040726/https://news.sky.com/
340;https://web.archive.org/web/20220111045935/https://news.sky.com/
341;https://web.archive.org/web/20220111050733/http://news.sky.com/
342;https://web.archive.org/web/20220111060804/http://news.sky.com/
343;https://web.archive.org/web/20220111070730/http://news.sky.com/
344;https://web.archive.org/web/20220111075630/https://news.sky.com/
345;https://web.archive.org/web/20220111080739/http://news.sky.com/
346;https://web.archive.org/web/20220111090722/http://news.sky.com/
347;https://web.archive.org/web/20220111093226/https://news.sky.com/
348;https://web.archive.org/web/20220111100751/http://news.sky.com/
349;https://web.archive.org/web/20220111110718/http://news.sky.com/
350;https://web.archive.org/web/20220111120723/http://news.sky.com/
351;https://web.archive.org/web/20220111130715/http://news.sky.com/
352;https://web.archive.org/web/20220111140833/http://news.sky.com/
353;https://web.archive.org/web/20220111145007/https://news.sky.com/
354;https://web.archive.org/web/20220111150740/http://news.sky.com/
355;https://web.archive.org/web/20220111160707/http://news.sky.com/
356;https://web.archive.org/web/20220111165556/https://news.sky.com/
357;https://web.archive.org/web/20220111170726/http://news.sky.com/
358;https://web.archive.org/web/20220111180717/http://news.sky.com/
359;https://web.archive.org/web/20220111190710/http://news.sky.com/
360;https://web.archive.org/web/20220111200734/http://news.sky.com/
361;https://web.archive.org/web/20220111210706/http://news.sky.com/
362;https://web.archive.org/web/20220111210706/https://news.sky.com/
363;https://web.archive.org/web/20220111220807/http://news.sky.com/
364;https://web.archive.org/web/20220111225324/http://news.sky.com/
365;https://web.archive.org/web/20220111225325/https://news.sky.com/
366;https://web.archive.org/web/20220112000725/http://news.sky.com/
367;https://web.archive.org/web/20220112010801/http://news.sky.com/
368;https://web.archive.org/web/20220112020746/http://news.sky.com/
369;https://web.archive.org/web/20220112021436/http://news.sky.com/
370;https://web.archive.org/web/20220112021437/https://news.sky.com/
371;https://web.archive.org/web/20220112024151/http://news.sky.com/
372;https://web.archive.org/web/20220112024225/https://news.sky.com/
373;https://web.archive.org/web/20220112030739/http://news.sky.com/
374;https://web.archive.org/web/20220112040712/http://news.sky.com/
375;https://web.archive.org/web/20220112050745/http://news.sky.com/
376;https://web.archive.org/web/20220112060717/http://news.sky.com/
377;https://web.archive.org/web/20220112063412/https://news.sky.com/
378;https://web.archive.org/web/20220112070711/http://news.sky.com/
379;https://web.archive.org/web/20220112080750/http://news.sky.com/
380;https://web.archive.org/web/20220112090746/http://news.sky.com/
381;https://web.archive.org/web/20220112092834/http://news.sky.com/
382;https://web.archive.org/web/20220112092835/https://news.sky.com/
383;https://web.archive.org/web/20220112100720/http://news.sky.com/
384;https://web.archive.org/web/20220112110748/http://news.sky.com/
385;https://web.archive.org/web/20220112120748/http://news.sky.com/
386;https://web.archive.org/web/20220112130733/http://news.sky.com/
387;https://web.archive.org/web/20220112140721/http://news.sky.com/
388;https://web.archive.org/web/20220112142420/https://news.sky.com/
389;https://web.archive.org/web/20220112145053/http://news.sky.com/
390;https://web.archive.org/web/20220112150730/http://news.sky.com/
391;https://web.archive.org/web/20220112160521/https://news.sky.com/
392;https://web.archive.org/web/20220112160721/http://news.sky.com/
393;https://web.archive.org/web/20220112170357/https://news.sky.com/
394;https://web.archive.org/web/20220112170712/http://news.sky.com/
395;https://web.archive.org/web/20220112180726/http://news.sky.com/
396;https://web.archive.org/web/20220112192249/http://news.sky.com/
397;https://web.archive.org/web/20220112200723/http://news.sky.com/
398;https://web.archive.org/web/20220112210730/http://news.sky.com/
399;https://web.archive.org/web/20220112220724/http://news.sky.com/
400;https://web.archive.org/web/20220112230721/http://news.sky.com/
401;https://web.archive.org/web/20220112233400/http://news.sky.com/
402;https://web.archive.org/web/20220112233401/https://news.sky.com/
403;https://web.archive.org/web/20220113000746/http://news.sky.com/
404;https://web.archive.org/web/20220113021622/http://news.sky.com/
405;https://web.archive.org/web/20220113030801/http://news.sky.com/
406;https://web.archive.org/web/20220113040809/http://news.sky.com/
407;https://web.archive.org/web/20220113050242/https://news.sky.com/
408;https://web.archive.org/web/20220113050724/http://news.sky.com/
409;https://web.archive.org/web/20220113060230/https://news.sky.com/
410;https://web.archive.org/web/20220113070723/http://news.sky.com/
411;https://web.archive.org/web/20220113080709/http://news.sky.com/
412;https://web.archive.org/web/20220113090729/http://news.sky.com/
413;https://web.archive.org/web/20220113100726/http://news.sky.com/
414;https://web.archive.org/web/20220113110752/http://news.sky.com/
415;https://web.archive.org/web/20220113120734/http://news.sky.com/
416;https://web.archive.org/web/20220113130718/http://news.sky.com/
417;https://web.archive.org/web/20220113130851/https://news.sky.com/
418;https://web.archive.org/web/20220113140747/http://news.sky.com/
419;https://web.archive.org/web/20220113150721/http://news.sky.com/
420;https://web.archive.org/web/20220113155848/https://news.sky.com/
421;https://web.archive.org/web/20220113170715/http://news.sky.com/
422;https://web.archive.org/web/20220113171205/https://news.sky.com/
423;https://web.archive.org/web/20220113180751/http://news.sky.com/
424;https://web.archive.org/web/20220113190751/http://news.sky.com/
425;https://web.archive.org/web/20220113200721/http://news.sky.com/
426;https://web.archive.org/web/20220113210731/http://news.sky.com/
427;https://web.archive.org/web/20220113220800/http://news.sky.com/
428;https://web.archive.org/web/20220113230720/http://news.sky.com/
429;https://web.archive.org/web/20220114000724/http://news.sky.com/
430;https://web.archive.org/web/20220114020726/http://news.sky.com/
431;https://web.archive.org/web/20220114030731/http://news.sky.com/
432;https://web.archive.org/web/20220114040745/http://news.sky.com/
433;https://web.archive.org/web/20220114050704/http://news.sky.com/
434;https://web.archive.org/web/20220114052055/https://news.sky.com/
435;https://web.archive.org/web/20220114060742/http://news.sky.com/
436;https://web.archive.org/web/20220114070732/http://news.sky.com/
437;https://web.archive.org/web/20220114080722/http://news.sky.com/
438;https://web.archive.org/web/20220114090712/http://news.sky.com/
439;https://web.archive.org/web/20220114100741/http://news.sky.com/
440;https://web.archive.org/web/20220114110724/http://news.sky.com/
441;https://web.archive.org/web/20220114115255/https://news.sky.com/
442;https://web.archive.org/web/20220114120355/https://news.sky.com/
443;https://web.archive.org/web/20220114120743/http://news.sky.com/
444;https://web.archive.org/web/20220114121914/https://news.sky.com/
445;https://web.archive.org/web/20220114130756/http://news.sky.com/
446;https://web.archive.org/web/20220114140742/http://news.sky.com/
447;https://web.archive.org/web/20220114150800/http://news.sky.com/
448;https://web.archive.org/web/20220114162343/http://news.sky.com/
449;https://web.archive.org/web/20220114165538/https://news.sky.com/
450;https://web.archive.org/web/20220114170802/http://news.sky.com/
451;https://web.archive.org/web/20220114180757/http://news.sky.com/
452;https://web.archive.org/web/20220114190739/http://news.sky.com/
453;https://web.archive.org/web/20220114200823/http://news.sky.com/
454;https://web.archive.org/web/20220114210740/http://news.sky.com/
455;https://web.archive.org/web/20220114215645/https://news.sky.com/
456;https://web.archive.org/web/20220115000728/http://news.sky.com/
457;https://web.archive.org/web/20220115010856/http://news.sky.com/
458;https://web.archive.org/web/20220115014805/http://news.sky.com/
459;https://web.archive.org/web/20220115015331/https://news.sky.com/
460;https://web.archive.org/web/20220115020638/https://news.sky.com/
461;https://web.archive.org/web/20220115030848/http://news.sky.com/
462;https://web.archive.org/web/20220115030848/https://news.sky.com/
463;https://web.archive.org/web/20220115040739/http://news.sky.com/
464;https://web.archive.org/web/20220115050805/http://news.sky.com/
465;https://web.archive.org/web/20220115052353/https://news.sky.com/
466;https://web.archive.org/web/20220115060742/http://news.sky.com/
467;https://web.archive.org/web/20220115065749/https://news.sky.com/
468;https://web.archive.org/web/20220115070751/http://news.sky.com/
469;https://web.archive.org/web/20220115090933/http://news.sky.com/
470;https://web.archive.org/web/20220115100927/http://news.sky.com/
471;https://web.archive.org/web/20220115110750/http://news.sky.com/
472;https://web.archive.org/web/20220115121018/http://news.sky.com/
473;https://web.archive.org/web/20220115131534/http://news.sky.com/
474;https://web.archive.org/web/20220115140910/http://news.sky.com/
475;https://web.archive.org/web/20220115150925/http://news.sky.com/
476;https://web.archive.org/web/20220115160943/http://news.sky.com/
477;https://web.archive.org/web/20220115170722/http://news.sky.com/
478;https://web.archive.org/web/20220115170722/https://news.sky.com/
479;https://web.archive.org/web/20220115171139/https://news.sky.com/
480;https://web.archive.org/web/20220115180717/http://news.sky.com/
481;https://web.archive.org/web/20220115190706/http://news.sky.com/
482;https://web.archive.org/web/20220115200728/http://news.sky.com/
483;https://web.archive.org/web/20220115204625/https://news.sky.com/
484;https://web.archive.org/web/20220115220819/http://news.sky.com/
485;https://web.archive.org/web/20220115230827/http://news.sky.com/
486;https://web.archive.org/web/20220116000732/http://news.sky.com/
487;https://web.archive.org/web/20220116010753/http://news.sky.com/
488;https://web.archive.org/web/20220116020822/http://news.sky.com/
489;https://web.archive.org/web/20220116030746/http://news.sky.com/
490;https://web.archive.org/web/20220116033707/https://news.sky.com/
491;https://web.archive.org/web/20220116050037/https://news.sky.com/
492;https://web.archive.org/web/20220116060718/http://news.sky.com/
493;https://web.archive.org/web/20220116070742/http://news.sky.com/
494;https://web.archive.org/web/20220116073943/https://news.sky.com/
495;https://web.archive.org/web/20220116080753/http://news.sky.com/
496;https://web.archive.org/web/20220116090733/http://news.sky.com/
497;https://web.archive.org/web/20220116091406/http://news.sky.com/
498;https://web.archive.org/web/20220116110709/http://news.sky.com/
499;https://web.archive.org/web/20220116120813/http://news.sky.com/
500;https://web.archive.org/web/20220116123816/https://news.sky.com/
501;https://web.archive.org/web/20220116130836/http://news.sky.com/
502;https://web.archive.org/web/20220116140601/https://news.sky.com/
503;https://web.archive.org/web/20220116140939/http://news.sky.com/
504;https://web.archive.org/web/20220116140939/https://news.sky.com/
505;https://web.archive.org/web/20220116142144/https://news.sky.com/
506;https://web.archive.org/web/20220116144237/https://news.sky.com/
507;https://web.archive.org/web/20220116145337/https://news.sky.com/
508;https://web.archive.org/web/20220116150752/http://news.sky.com/
509;https://web.archive.org/web/20220116160710/http://news.sky.com/
510;https://web.archive.org/web/20220116165523/https://news.sky.com/
511;https://web.archive.org/web/20220116170733/http://news.sky.com/
512;https://web.archive.org/web/20220116180703/http://news.sky.com/
513;https://web.archive.org/web/20220116191401/http://news.sky.com/
514;https://web.archive.org/web/20220116200818/http://news.sky.com/
515;https://web.archive.org/web/20220116210845/http://news.sky.com/
516;https://web.archive.org/web/20220116220813/http://news.sky.com/
517;https://web.archive.org/web/20220116230733/http://news.sky.com/
518;https://web.archive.org/web/20220117013809/https://news.sky.com/
519;https://web.archive.org/web/20220117020749/http://news.sky.com/
520;https://web.archive.org/web/20220117030732/http://news.sky.com/
521;https://web.archive.org/web/20220117040729/http://news.sky.com/
522;https://web.archive.org/web/20220117045432/https://news.sky.com/
523;https://web.archive.org/web/20220117050714/http://news.sky.com/
524;https://web.archive.org/web/20220117060738/http://news.sky.com/
525;https://web.archive.org/web/20220117064028/https://news.sky.com/
526;https://web.archive.org/web/20220117070733/http://news.sky.com/
527;https://web.archive.org/web/20220117080719/http://news.sky.com/
528;https://web.archive.org/web/20220117090738/http://news.sky.com/
529;https://web.archive.org/web/20220117095902/https://news.sky.com/
530;https://web.archive.org/web/20220117100814/http://news.sky.com/
531;https://web.archive.org/web/20220117110611/http://news.sky.com/
532;https://web.archive.org/web/20220117110733/http://news.sky.com/
533;https://web.archive.org/web/20220117120708/http://news.sky.com/
534;https://web.archive.org/web/20220117130814/http://news.sky.com/
535;https://web.archive.org/web/20220117140757/http://news.sky.com/
536;https://web.archive.org/web/20220117145401/https://news.sky.com/
537;https://web.archive.org/web/20220117150728/http://news.sky.com/
538;https://web.archive.org/web/20220117160714/http://news.sky.com/
539;https://web.archive.org/web/20220117161332/https://news.sky.com/
540;https://web.archive.org/web/20220117162111/https://news.sky.com/
541;https://web.archive.org/web/20220117164451/http://news.sky.com/
542;https://web.archive.org/web/20220117170050/https://news.sky.com/
543;https://web.archive.org/web/20220117170751/http://news.sky.com/
544;https://web.archive.org/web/20220117180712/http://news.sky.com/
545;https://web.archive.org/web/20220117182838/https://news.sky.com/
546;https://web.archive.org/web/20220117190350/https://news.sky.com/
547;https://web.archive.org/web/20220117192232/http://news.sky.com/
548;https://web.archive.org/web/20220117200727/http://news.sky.com/
549;https://web.archive.org/web/20220117210721/http://news.sky.com/
550;https://web.archive.org/web/20220117212459/https://news.sky.com/
551;https://web.archive.org/web/20220117225747/http://news.sky.com/
552;https://web.archive.org/web/20220117225747/https://news.sky.com/
553;https://web.archive.org/web/20220117230757/http://news.sky.com/
554;https://web.archive.org/web/20220117230757/https://news.sky.com/
555;https://web.archive.org/web/20220118000728/http://news.sky.com/
556;https://web.archive.org/web/20220118000728/https://news.sky.com/
557;https://web.archive.org/web/20220118010713/http://news.sky.com/
558;https://web.archive.org/web/20220118010714/https://news.sky.com/
559;https://web.archive.org/web/20220118020755/http://news.sky.com/
560;https://web.archive.org/web/20220118020755/https://news.sky.com/
561;https://web.archive.org/web/20220118030709/http://news.sky.com/
562;https://web.archive.org/web/20220118034533/https://news.sky.com/
563;https://web.archive.org/web/20220118040757/http://news.sky.com/
564;https://web.archive.org/web/20220118040757/https://news.sky.com/
565;https://web.archive.org/web/20220118045721/https://news.sky.com/
566;https://web.archive.org/web/20220118050715/http://news.sky.com/
567;https://web.archive.org/web/20220118060740/http://news.sky.com/
568;https://web.archive.org/web/20220118060740/https://news.sky.com/
569;https://web.archive.org/web/20220118070729/http://news.sky.com/
570;https://web.archive.org/web/20220118080714/http://news.sky.com/
571;https://web.archive.org/web/20220118090722/http://news.sky.com/
572;https://web.archive.org/web/20220118101254/https://news.sky.com/
573;https://web.archive.org/web/20220118101938/http://news.sky.com/
574;https://web.archive.org/web/20220118101938/https://news.sky.com/
575;https://web.archive.org/web/20220118110747/http://news.sky.com/
576;https://web.archive.org/web/20220118110747/https://news.sky.com/
577;https://web.archive.org/web/20220118120724/http://news.sky.com/
578;https://web.archive.org/web/20220118123820/https://news.sky.com/
579;https://web.archive.org/web/20220118130826/http://news.sky.com/
580;https://web.archive.org/web/20220118144504/http://news.sky.com/
581;https://web.archive.org/web/20220118150755/http://news.sky.com/
582;https://web.archive.org/web/20220118160746/https://news.sky.com/
583;https://web.archive.org/web/20220118161330/https://news.sky.com/
584;https://web.archive.org/web/20220118162203/http://news.sky.com/
585;https://web.archive.org/web/20220118162203/https://news.sky.com/
586;https://web.archive.org/web/20220118162713/https://news.sky.com/
587;https://web.archive.org/web/20220118170529/https://news.sky.com/
588;https://web.archive.org/web/20220118170823/http://news.sky.com/
589;https://web.archive.org/web/20220118170823/https://news.sky.com/
590;https://web.archive.org/web/20220118180754/http://news.sky.com/
591;https://web.archive.org/web/20220118180754/https://news.sky.com/
592;https://web.archive.org/web/20220118200853/http://news.sky.com/
593;https://web.archive.org/web/20220118200853/https://news.sky.com/
594;https://web.archive.org/web/20220118203040/http://news.sky.com/
595;https://web.archive.org/web/20220118210752/http://news.sky.com/
596;https://web.archive.org/web/20220118210752/https://news.sky.com/
597;https://web.archive.org/web/20220118220736/http://news.sky.com/
598;https://web.archive.org/web/20220118220736/https://news.sky.com/
599;https://web.archive.org/web/20220118230838/http://news.sky.com/
600;https://web.archive.org/web/20220118230838/https://news.sky.com/
601;https://web.archive.org/web/20220118234609/https://news.sky.com/
602;https://web.archive.org/web/20220119020628/https://news.sky.com/
603;https://web.archive.org/web/20220119023308/http://news.sky.com/
604;https://web.archive.org/web/20220119023308/https://news.sky.com/
605;https://web.archive.org/web/20220119035317/http://news.sky.com/
606;https://web.archive.org/web/20220119035317/https://news.sky.com/
607;https://web.archive.org/web/20220119044641/http://news.sky.com/
608;https://web.archive.org/web/20220119044642/https://news.sky.com/
609;https://web.archive.org/web/20220119052616/http://news.sky.com/
610;https://web.archive.org/web/20220119052616/https://news.sky.com/
611;https://web.archive.org/web/20220119060632/https://news.sky.com/
612;https://web.archive.org/web/20220119062345/http://news.sky.com/
613;https://web.archive.org/web/20220119062345/https://news.sky.com/
614;https://web.archive.org/web/20220119071954/http://news.sky.com/
615;https://web.archive.org/web/20220119071954/https://news.sky.com/
616;https://web.archive.org/web/20220119075251/https://news.sky.com/
617;https://web.archive.org/web/20220119094346/https://news.sky.com/
618;https://web.archive.org/web/20220119095744/http://news.sky.com/
619;https://web.archive.org/web/20220119103403/http://news.sky.com/
620;https://web.archive.org/web/20220119104047/http://news.sky.com/
621;https://web.archive.org/web/20220119111508/https://news.sky.com/
622;https://web.archive.org/web/20220119112644/https://news.sky.com/
623;https://web.archive.org/web/20220119112913/https://news.sky.com/
624;https://web.archive.org/web/20220119123104/https://news.sky.com/
625;https://web.archive.org/web/20220119124542/https://news.sky.com/
626;https://web.archive.org/web/20220119134148/https://news.sky.com/
627;https://web.archive.org/web/20220119141535/http://news.sky.com/
628;https://web.archive.org/web/20220119143618/https://news.sky.com/
629;https://web.archive.org/web/20220119144335/http://news.sky.com/
630;https://web.archive.org/web/20220119145209/http://news.sky.com/
631;https://web.archive.org/web/20220119150140/http://news.sky.com/
632;https://web.archive.org/web/20220119150140/https://news.sky.com/
633;https://web.archive.org/web/20220119150740/http://news.sky.com/
634;https://web.archive.org/web/20220119155121/https://news.sky.com/
635;https://web.archive.org/web/20220119160248/http://news.sky.com/
636;https://web.archive.org/web/20220119162306/http://news.sky.com/
637;https://web.archive.org/web/20220119162306/https://news.sky.com/
638;https://web.archive.org/web/20220119162842/http://news.sky.com/
639;https://web.archive.org/web/20220119163029/https://news.sky.com/
640;https://web.archive.org/web/20220119170006/https://news.sky.com/
641;https://web.archive.org/web/20220119170038/http://news.sky.com/
642;https://web.archive.org/web/20220119171135/http://news.sky.com/
643;https://web.archive.org/web/20220119172759/http://news.sky.com/
644;https://web.archive.org/web/20220119174207/https://news.sky.com/
645;https://web.archive.org/web/20220119181945/http://news.sky.com/
646;https://web.archive.org/web/20220119184902/http://news.sky.com/
647;https://web.archive.org/web/20220119184902/https://news.sky.com/
648;https://web.archive.org/web/20220119191129/http://news.sky.com/
649;https://web.archive.org/web/20220119194329/http://news.sky.com/
650;https://web.archive.org/web/20220119194802/http://news.sky.com/
651;https://web.archive.org/web/20220119203252/http://news.sky.com/
652;https://web.archive.org/web/20220119205034/http://news.sky.com/
653;https://web.archive.org/web/20220119210204/https://news.sky.com/
654;https://web.archive.org/web/20220119213255/http://news.sky.com/
655;https://web.archive.org/web/20220119213255/https://news.sky.com/
656;https://web.archive.org/web/20220119213618/http://news.sky.com/
657;https://web.archive.org/web/20220119221805/https://news.sky.com/
658;https://web.archive.org/web/20220120011636/http://news.sky.com/
659;https://web.archive.org/web/20220120011636/https://news.sky.com/
660;https://web.archive.org/web/20220120021332/http://news.sky.com/
661;https://web.archive.org/web/20220120021332/https://news.sky.com/
662;https://web.archive.org/web/20220120022046/https://news.sky.com/
663;https://web.archive.org/web/20220120025028/https://news.sky.com/
664;https://web.archive.org/web/20220120030444/http://news.sky.com/
665;https://web.archive.org/web/20220120030444/https://news.sky.com/
666;https://web.archive.org/web/20220120032946/https://news.sky.com/
667;https://web.archive.org/web/20220120033154/https://news.sky.com/
668;https://web.archive.org/web/20220120040949/http://news.sky.com/
669;https://web.archive.org/web/20220120040949/https://news.sky.com/
670;https://web.archive.org/web/20220120045253/https://news.sky.com/
671;https://web.archive.org/web/20220120053941/http://news.sky.com/
672;https://web.archive.org/web/20220120060822/http://news.sky.com/
673;https://web.archive.org/web/20220120060822/https://news.sky.com/
674;https://web.archive.org/web/20220120061231/http://news.sky.com/
675;https://web.archive.org/web/20220120063517/http://news.sky.com/
676;https://web.archive.org/web/20220120071208/https://news.sky.com/
677;https://web.archive.org/web/20220120072333/http://news.sky.com/
678;https://web.archive.org/web/20220120072333/https://news.sky.com/
679;https://web.archive.org/web/20220120081156/http://news.sky.com/
680;https://web.archive.org/web/20220120081156/https://news.sky.com/
681;https://web.archive.org/web/20220120081506/https://news.sky.com/
682;https://web.archive.org/web/20220120090334/http://news.sky.com/
683;https://web.archive.org/web/20220120090335/https://news.sky.com/
684;https://web.archive.org/web/20220120101258/https://news.sky.com/
685;https://web.archive.org/web/20220120101732/http://news.sky.com/
686;https://web.archive.org/web/20220120103448/http://news.sky.com/
687;https://web.archive.org/web/20220120104102/http://news.sky.com/
688;https://web.archive.org/web/20220120105853/https://news.sky.com/
689;https://web.archive.org/web/20220120110212/http://news.sky.com/
690;https://web.archive.org/web/20220120110212/https://news.sky.com/
691;https://web.archive.org/web/20220120110514/http://news.sky.com/
692;https://web.archive.org/web/20220120122006/http://news.sky.com/
693;https://web.archive.org/web/20220120122259/http://news.sky.com/
694;https://web.archive.org/web/20220120123646/http://news.sky.com/
695;https://web.archive.org/web/20220120123814/https://news.sky.com/
696;https://web.archive.org/web/20220120134000/https://news.sky.com/
697;https://web.archive.org/web/20220120140119/https://news.sky.com/
698;https://web.archive.org/web/20220120141311/http://news.sky.com/
699;https://web.archive.org/web/20220120143734/http://news.sky.com/
700;https://web.archive.org/web/20220120143734/https://news.sky.com/
701;https://web.archive.org/web/20220120144007/https://news.sky.com/
702;https://web.archive.org/web/20220120145130/http://news.sky.com/
703;https://web.archive.org/web/20220120145317/https://news.sky.com/
704;https://web.archive.org/web/20220120151234/http://news.sky.com/
705;https://web.archive.org/web/20220120153026/http://news.sky.com/
706;https://web.archive.org/web/20220120153149/http://news.sky.com/
707;https://web.archive.org/web/20220120153149/https://news.sky.com/
708;https://web.archive.org/web/20220120163532/https://news.sky.com/
709;https://web.archive.org/web/20220120163924/https://news.sky.com/
710;https://web.archive.org/web/20220120170609/https://news.sky.com/
711;https://web.archive.org/web/20220120171420/http://news.sky.com/
712;https://web.archive.org/web/20220120171420/https://news.sky.com/
713;https://web.archive.org/web/20220120172052/http://news.sky.com/
714;https://web.archive.org/web/20220120173637/http://news.sky.com/
715;https://web.archive.org/web/20220120175424/https://news.sky.com/
716;https://web.archive.org/web/20220120184405/http://news.sky.com/
717;https://web.archive.org/web/20220120200431/http://news.sky.com/
718;https://web.archive.org/web/20220120201236/https://news.sky.com/
719;https://web.archive.org/web/20220120202334/http://news.sky.com/
720;https://web.archive.org/web/20220120204716/http://news.sky.com/
721;https://web.archive.org/web/20220120214432/http://news.sky.com/
722;https://web.archive.org/web/20220120215937/http://news.sky.com/
723;https://web.archive.org/web/20220120220143/http://news.sky.com/
724;https://web.archive.org/web/20220120220419/http://news.sky.com/
725;https://web.archive.org/web/20220120220836/https://news.sky.com/
726;https://web.archive.org/web/20220120222758/http://news.sky.com/
727;https://web.archive.org/web/20220120223226/http://news.sky.com/
728;https://web.archive.org/web/20220120225539/http://news.sky.com/
729;https://web.archive.org/web/20220120231516/https://news.sky.com/
730;https://web.archive.org/web/20220120233141/http://news.sky.com/
731;https://web.archive.org/web/20220121002234/http://news.sky.com/
732;https://web.archive.org/web/20220121010230/http://news.sky.com/
733;https://web.archive.org/web/20220121010230/https://news.sky.com/
734;https://web.archive.org/web/20220121012958/http://news.sky.com/
735;https://web.archive.org/web/20220121023131/http://news.sky.com/
736;https://web.archive.org/web/20220121030712/https://news.sky.com/
737;https://web.archive.org/web/20220121041004/http://news.sky.com/
738;https://web.archive.org/web/20220121043045/http://news.sky.com/
739;https://web.archive.org/web/20220121043505/https://news.sky.com/
740;https://web.archive.org/web/20220121044253/https://news.sky.com/
741;https://web.archive.org/web/20220121044621/http://news.sky.com/
742;https://web.archive.org/web/20220121050606/http://news.sky.com/
743;https://web.archive.org/web/20220121052616/https://news.sky.com/
744;https://web.archive.org/web/20220121052629/http://news.sky.com/
745;https://web.archive.org/web/20220121054006/http://news.sky.com/
746;https://web.archive.org/web/20220121060316/https://news.sky.com/
747;https://web.archive.org/web/20220121061745/http://news.sky.com/
748;https://web.archive.org/web/20220121061844/https://news.sky.com/
749;https://web.archive.org/web/20220121070329/http://news.sky.com/
750;https://web.archive.org/web/20220121072800/http://news.sky.com/
751;https://web.archive.org/web/20220121073347/http://news.sky.com/
752;https://web.archive.org/web/20220121074930/https://news.sky.com/
753;https://web.archive.org/web/20220121080711/https://news.sky.com/
754;https://web.archive.org/web/20220121081205/https://news.sky.com/
755;https://web.archive.org/web/20220121081756/http://news.sky.com/
756;https://web.archive.org/web/20220121082438/https://news.sky.com/
757;https://web.archive.org/web/20220121083253/http://news.sky.com/
758;https://web.archive.org/web/20220121091403/https://news.sky.com/
759;https://web.archive.org/web/20220121092054/https://news.sky.com/
760;https://web.archive.org/web/20220121092330/http://news.sky.com/
761;https://web.archive.org/web/20220121092920/http://news.sky.com/
762;https://web.archive.org/web/20220121103744/https://news.sky.com/
763;https://web.archive.org/web/20220121104758/http://news.sky.com/
764;https://web.archive.org/web/20220121112450/https://news.sky.com/
765;https://web.archive.org/web/20220121120731/http://news.sky.com/
766;https://web.archive.org/web/20220121122333/http://news.sky.com/
767;https://web.archive.org/web/20220121131012/http://news.sky.com/
768;https://web.archive.org/web/20220121135825/https://news.sky.com/
769;https://web.archive.org/web/20220121140732/http://news.sky.com/
770;https://web.archive.org/web/20220121140732/https://news.sky.com/
771;https://web.archive.org/web/20220121141806/https://news.sky.com/
772;https://web.archive.org/web/20220121151016/https://news.sky.com/
773;https://web.archive.org/web/20220121152340/https://news.sky.com/
774;https://web.archive.org/web/20220121153351/http://news.sky.com/
775;https://web.archive.org/web/20220121153351/https://news.sky.com/
776;https://web.archive.org/web/20220121153635/https://news.sky.com/
777;https://web.archive.org/web/20220121154312/https://news.sky.com/
778;https://web.archive.org/web/20220121160810/http://news.sky.com/
779;https://web.archive.org/web/20220121160810/https://news.sky.com/
780;https://web.archive.org/web/20220121164123/https://news.sky.com/
781;https://web.archive.org/web/20220121165909/https://news.sky.com/
782;https://web.archive.org/web/20220121170206/https://news.sky.com/
783;https://web.archive.org/web/20220121170903/http://news.sky.com/
784;https://web.archive.org/web/20220121170903/https://news.sky.com/
785;https://web.archive.org/web/20220121174100/https://news.sky.com/
786;https://web.archive.org/web/20220121180958/http://news.sky.com/
787;https://web.archive.org/web/20220121180958/https://news.sky.com/
788;https://web.archive.org/web/20220121191536/http://news.sky.com/
789;https://web.archive.org/web/20220121191536/https://news.sky.com/
790;https://web.archive.org/web/20220121200804/http://news.sky.com/
791;https://web.archive.org/web/20220121200804/https://news.sky.com/
792;https://web.archive.org/web/20220121210729/http://news.sky.com/
793;https://web.archive.org/web/20220121210730/https://news.sky.com/
794;https://web.archive.org/web/20220121212302/https://news.sky.com/
795;https://web.archive.org/web/20220121212552/https://news.sky.com/
796;https://web.archive.org/web/20220121213930/http://news.sky.com/
797;https://web.archive.org/web/20220121220713/http://news.sky.com/
798;https://web.archive.org/web/20220121223408/https://news.sky.com/
799;https://web.archive.org/web/20220121230721/http://news.sky.com/
800;https://web.archive.org/web/20220121231544/https://news.sky.com/
801;https://web.archive.org/web/20220121235945/https://news.sky.com/
802;https://web.archive.org/web/20220122000828/http://news.sky.com/
803;https://web.archive.org/web/20220122014726/https://news.sky.com/
804;https://web.archive.org/web/20220122030712/http://news.sky.com/
805;https://web.archive.org/web/20220122040707/http://news.sky.com/
806;https://web.archive.org/web/20220122050055/https://news.sky.com/
807;https://web.archive.org/web/20220122052909/http://news.sky.com/
808;https://web.archive.org/web/20220122052912/https://news.sky.com/
809;https://web.archive.org/web/20220122060732/http://news.sky.com/
810;https://web.archive.org/web/20220122060732/https://news.sky.com/
811;https://web.archive.org/web/20220122065900/https://news.sky.com/
812;https://web.archive.org/web/20220122070754/http://news.sky.com/
813;https://web.archive.org/web/20220122070754/https://news.sky.com/
814;https://web.archive.org/web/20220122080742/http://news.sky.com/
815;https://web.archive.org/web/20220122080742/https://news.sky.com/
816;https://web.archive.org/web/20220122090812/http://news.sky.com/
817;https://web.archive.org/web/20220122090812/https://news.sky.com/
818;https://web.archive.org/web/20220122095623/https://news.sky.com/
819;https://web.archive.org/web/20220122110818/https://news.sky.com/
820;https://web.archive.org/web/20220122111557/https://news.sky.com/
821;https://web.archive.org/web/20220122120903/http://news.sky.com/
822;https://web.archive.org/web/20220122124822/http://news.sky.com/
823;https://web.archive.org/web/20220122130738/http://news.sky.com/
824;https://web.archive.org/web/20220122135756/https://news.sky.com/
825;https://web.archive.org/web/20220122140759/http://news.sky.com/
826;https://web.archive.org/web/20220122140759/https://news.sky.com/
827;https://web.archive.org/web/20220122141021/http://news.sky.com/
828;https://web.archive.org/web/20220122141047/https://news.sky.com/
829;https://web.archive.org/web/20220122145143/https://news.sky.com/
830;https://web.archive.org/web/20220122150739/http://news.sky.com/
831;https://web.archive.org/web/20220122150739/https://news.sky.com/
832;https://web.archive.org/web/20220122160739/http://news.sky.com/
833;https://web.archive.org/web/20220122160739/https://news.sky.com/
834;https://web.archive.org/web/20220122165801/https://news.sky.com/
835;https://web.archive.org/web/20220122170430/https://news.sky.com/
836;https://web.archive.org/web/20220122170744/http://news.sky.com/
837;https://web.archive.org/web/20220122172852/https://news.sky.com/
838;https://web.archive.org/web/20220122180832/http://news.sky.com/
839;https://web.archive.org/web/20220122180833/https://news.sky.com/
840;https://web.archive.org/web/20220122190724/http://news.sky.com/
841;https://web.archive.org/web/20220122190724/https://news.sky.com/
842;https://web.archive.org/web/20220122200819/http://news.sky.com/
843;https://web.archive.org/web/20220122200819/https://news.sky.com/
844;https://web.archive.org/web/20220122202118/https://news.sky.com/
845;https://web.archive.org/web/20220122210717/http://news.sky.com/
846;https://web.archive.org/web/20220122215233/https://news.sky.com/
847;https://web.archive.org/web/20220122220705/http://news.sky.com/
848;https://web.archive.org/web/20220122220705/https://news.sky.com/
849;https://web.archive.org/web/20220122222403/https://news.sky.com/
850;https://web.archive.org/web/20220122230844/http://news.sky.com/
851;https://web.archive.org/web/20220122232535/https://news.sky.com/
852;https://web.archive.org/web/20220123002310/http://news.sky.com/
853;https://web.archive.org/web/20220123002358/https://news.sky.com/
854;https://web.archive.org/web/20220123010808/http://news.sky.com/
855;https://web.archive.org/web/20220123015229/https://news.sky.com/
856;https://web.archive.org/web/20220123020723/http://news.sky.com/
857;https://web.archive.org/web/20220123020723/https://news.sky.com/
858;https://web.archive.org/web/20220123030747/http://news.sky.com/
859;https://web.archive.org/web/20220123030747/https://news.sky.com/
860;https://web.archive.org/web/20220123040533/https://news.sky.com/
861;https://web.archive.org/web/20220123040649/http://news.sky.com/
862;https://web.archive.org/web/20220123040649/https://news.sky.com/
863;https://web.archive.org/web/20220123040917/http://news.sky.com/
864;https://web.archive.org/web/20220123040917/https://news.sky.com/
865;https://web.archive.org/web/20220123050046/https://news.sky.com/
866;https://web.archive.org/web/20220123055419/https://news.sky.com/
867;https://web.archive.org/web/20220123060822/https://news.sky.com/
868;https://web.archive.org/web/20220123070915/http://news.sky.com/
869;https://web.archive.org/web/20220123080753/http://news.sky.com/
870;https://web.archive.org/web/20220123080753/https://news.sky.com/
871;https://web.archive.org/web/20220123090554/https://news.sky.com/
872;https://web.archive.org/web/20220123090738/http://news.sky.com/
873;https://web.archive.org/web/20220123090738/https://news.sky.com/
874;https://web.archive.org/web/20220123095113/https://news.sky.com/
875;https://web.archive.org/web/20220123100656/https://news.sky.com/
876;https://web.archive.org/web/20220123100849/http://news.sky.com/
877;https://web.archive.org/web/20220123100849/https://news.sky.com/
878;https://web.archive.org/web/20220123105255/https://news.sky.com/
879;https://web.archive.org/web/20220123111823/https://news.sky.com/
880;https://web.archive.org/web/20220123112112/https://news.sky.com/
881;https://web.archive.org/web/20220123120902/http://news.sky.com/
882;https://web.archive.org/web/20220123123356/https://news.sky.com/
883;https://web.archive.org/web/20220123130744/http://news.sky.com/
884;https://web.archive.org/web/20220123133824/https://news.sky.com/
885;https://web.archive.org/web/20220123140738/http://news.sky.com/
886;https://web.archive.org/web/20220123140738/https://news.sky.com/
887;https://web.archive.org/web/20220123143803/https://news.sky.com/
888;https://web.archive.org/web/20220123152439/http://news.sky.com/
889;https://web.archive.org/web/20220123162117/http://news.sky.com/
890;https://web.archive.org/web/20220123162117/https://news.sky.com/
891;https://web.archive.org/web/20220123170027/https://news.sky.com/
892;https://web.archive.org/web/20220123170501/https://news.sky.com/
893;https://web.archive.org/web/20220123173251/http://news.sky.com/
894;https://web.archive.org/web/20220123173251/https://news.sky.com/
895;https://web.archive.org/web/20220123180801/http://news.sky.com/
896;https://web.archive.org/web/20220123180801/https://news.sky.com/
897;https://web.archive.org/web/20220123184512/https://news.sky.com/
898;https://web.archive.org/web/20220123203355/http://news.sky.com/
899;https://web.archive.org/web/20220123203355/https://news.sky.com/
900;https://web.archive.org/web/20220123203945/http://news.sky.com/
901;https://web.archive.org/web/20220123203945/https://news.sky.com/
902;https://web.archive.org/web/20220123212132/http://news.sky.com/
903;https://web.archive.org/web/20220123212132/https://news.sky.com/
904;https://web.archive.org/web/20220123220109/https://news.sky.com/
905;https://web.archive.org/web/20220123222621/http://news.sky.com/
906;https://web.archive.org/web/20220123222621/https://news.sky.com/
907;https://web.archive.org/web/20220123230821/http://news.sky.com/
908;https://web.archive.org/web/20220123230821/https://news.sky.com/
909;https://web.archive.org/web/20220124005729/http://news.sky.com/
910;https://web.archive.org/web/20220124005729/https://news.sky.com/
911;https://web.archive.org/web/20220124011112/http://news.sky.com/
912;https://web.archive.org/web/20220124011112/https://news.sky.com/
913;https://web.archive.org/web/20220124020955/http://news.sky.com/
914;https://web.archive.org/web/20220124020956/https://news.sky.com/
915;https://web.archive.org/web/20220124023655/https://news.sky.com/
916;https://web.archive.org/web/20220124030738/http://news.sky.com/
917;https://web.archive.org/web/20220124030739/https://news.sky.com/
918;https://web.archive.org/web/20220124040753/http://news.sky.com/
919;https://web.archive.org/web/20220124050016/https://news.sky.com/
920;https://web.archive.org/web/20220124052202/http://news.sky.com/
921;https://web.archive.org/web/20220124052203/https://news.sky.com/
922;https://web.archive.org/web/20220124060742/http://news.sky.com/
923;https://web.archive.org/web/20220124060742/https://news.sky.com/
924;https://web.archive.org/web/20220124070400/http://news.sky.com/
925;https://web.archive.org/web/20220124070401/https://news.sky.com/
926;https://web.archive.org/web/20220124070911/http://news.sky.com/
927;https://web.archive.org/web/20220124070911/https://news.sky.com/
928;https://web.archive.org/web/20220124080716/http://news.sky.com/
929;https://web.archive.org/web/20220124080716/https://news.sky.com/
930;https://web.archive.org/web/20220124090656/http://news.sky.com/
931;https://web.archive.org/web/20220124090659/https://news.sky.com/
932;https://web.archive.org/web/20220124095215/http://news.sky.com/
933;https://web.archive.org/web/20220124100721/https://news.sky.com/
934;https://web.archive.org/web/20220124130522/https://news.sky.com/
935;https://web.archive.org/web/20220124130829/http://news.sky.com/
936;https://web.archive.org/web/20220124135430/https://news.sky.com/
937;https://web.archive.org/web/20220124140142/http://news.sky.com/
938;https://web.archive.org/web/20220124140142/https://news.sky.com/
939;https://web.archive.org/web/20220124142101/http://news.sky.com/
940;https://web.archive.org/web/20220124142101/https://news.sky.com/
941;https://web.archive.org/web/20220124142216/http://news.sky.com/
942;https://web.archive.org/web/20220124142227/https://news.sky.com/
943;https://web.archive.org/web/20220124150824/http://news.sky.com/
944;https://web.archive.org/web/20220124160718/http://news.sky.com/
945;https://web.archive.org/web/20220124165409/https://news.sky.com/
946;https://web.archive.org/web/20220124170244/https://news.sky.com/
947;https://web.archive.org/web/20220124170838/http://news.sky.com/
948;https://web.archive.org/web/20220124170838/https://news.sky.com/
949;https://web.archive.org/web/20220124175700/https://news.sky.com/
950;https://web.archive.org/web/20220124183413/https://news.sky.com/
951;https://web.archive.org/web/20220124190310/http://news.sky.com/
952;https://web.archive.org/web/20220124190754/http://news.sky.com/
953;https://web.archive.org/web/20220124191459/http://news.sky.com/
954;https://web.archive.org/web/20220124192921/https://news.sky.com/
955;https://web.archive.org/web/20220124200735/http://news.sky.com/
956;https://web.archive.org/web/20220124210639/http://news.sky.com/
957;https://web.archive.org/web/20220124210652/https://news.sky.com/
958;https://web.archive.org/web/20220124210843/http://news.sky.com/
959;https://web.archive.org/web/20220124214816/http://news.sky.com/
960;https://web.archive.org/web/20220124214818/https://news.sky.com/
961;https://web.archive.org/web/20220124220747/http://news.sky.com/
962;https://web.archive.org/web/20220124230746/http://news.sky.com/
963;https://web.archive.org/web/20220125000834/http://news.sky.com/
964;https://web.archive.org/web/20220125010720/http://news.sky.com/
965;https://web.archive.org/web/20220125020730/http://news.sky.com/
966;https://web.archive.org/web/20220125030806/http://news.sky.com/
967;https://web.archive.org/web/20220125030806/https://news.sky.com/
968;https://web.archive.org/web/20220125030950/https://news.sky.com/
969;https://web.archive.org/web/20220125040704/https://news.sky.com/
970;https://web.archive.org/web/20220125041911/http://news.sky.com/
971;https://web.archive.org/web/20220125041911/https://news.sky.com/
972;https://web.archive.org/web/20220125045342/https://news.sky.com/
973;https://web.archive.org/web/20220125050856/http://news.sky.com/
974;https://web.archive.org/web/20220125070804/http://news.sky.com/
975;https://web.archive.org/web/20220125073413/https://news.sky.com/
976;https://web.archive.org/web/20220125090253/http://news.sky.com/
977;https://web.archive.org/web/20220125094027/http://news.sky.com/
978;https://web.archive.org/web/20220125094046/https://news.sky.com/
979;https://web.archive.org/web/20220125100723/http://news.sky.com/
980;https://web.archive.org/web/20220125110825/http://news.sky.com/
981;https://web.archive.org/web/20220125111741/https://news.sky.com/
982;https://web.archive.org/web/20220125120828/http://news.sky.com/
983;https://web.archive.org/web/20220125122300/http://news.sky.com/
984;https://web.archive.org/web/20220125130926/http://news.sky.com/
985;https://web.archive.org/web/20220125133848/http://news.sky.com/
986;https://web.archive.org/web/20220125140850/http://news.sky.com/
987;https://web.archive.org/web/20220125150747/http://news.sky.com/
988;https://web.archive.org/web/20220125154655/http://news.sky.com/
989;https://web.archive.org/web/20220125160713/http://news.sky.com/
990;https://web.archive.org/web/20220125162904/https://news.sky.com/
991;https://web.archive.org/web/20220125165729/https://news.sky.com/
992;https://web.archive.org/web/20220125170140/https://news.sky.com/
993;https://web.archive.org/web/20220125180717/http://news.sky.com/
994;https://web.archive.org/web/20220125190841/http://news.sky.com/
995;https://web.archive.org/web/20220125200832/http://news.sky.com/
996;https://web.archive.org/web/20220125210809/http://news.sky.com/
997;https://web.archive.org/web/20220125230816/http://news.sky.com/
998;https://web.archive.org/web/20220125230816/https://news.sky.com/
999;https://web.archive.org/web/20220125235236/https://news.sky.com/
1000;https://web.archive.org/web/20220126000828/http://news.sky.com/
1001;https://web.archive.org/web/20220126005109/https://news.sky.com/
1002;https://web.archive.org/web/20220126020405/http://news.sky.com/
1003;https://web.archive.org/web/20220126030837/http://news.sky.com/
1004;https://web.archive.org/web/20220126034354/http://news.sky.com/
1005;https://web.archive.org/web/20220126034354/https://news.sky.com/
1006;https://web.archive.org/web/20220126040726/http://news.sky.com/
1007;https://web.archive.org/web/20220126045401/https://news.sky.com/
1008;https://web.archive.org/web/20220126050825/http://news.sky.com/
1009;https://web.archive.org/web/20220126053644/https://news.sky.com/
1010;https://web.archive.org/web/20220126070745/http://news.sky.com/
1011;https://web.archive.org/web/20220126074939/https://news.sky.com/
1012;https://web.archive.org/web/20220126080830/http://news.sky.com/
1013;https://web.archive.org/web/20220126083843/https://news.sky.com/
1014;https://web.archive.org/web/20220126090511/https://news.sky.com/
1015;https://web.archive.org/web/20220126090821/http://news.sky.com/
1016;https://web.archive.org/web/20220126090821/https://news.sky.com/
1017;https://web.archive.org/web/20220126100851/http://news.sky.com/
1018;https://web.archive.org/web/20220126100851/https://news.sky.com/
1019;https://web.archive.org/web/20220126104007/https://news.sky.com/
1020;https://web.archive.org/web/20220126105512/https://news.sky.com/
1021;https://web.archive.org/web/20220126113415/http://news.sky.com/
1022;https://web.archive.org/web/20220126114136/https://news.sky.com/
1023;https://web.archive.org/web/20220126122139/http://news.sky.com/
1024;https://web.archive.org/web/20220126125956/http://news.sky.com/
1025;https://web.archive.org/web/20220126130825/http://news.sky.com/
1026;https://web.archive.org/web/20220126132912/https://news.sky.com/
1027;https://web.archive.org/web/20220126140823/http://news.sky.com/
1028;https://web.archive.org/web/20220126150924/http://news.sky.com/
1029;https://web.archive.org/web/20220126153916/https://news.sky.com/
1030;https://web.archive.org/web/20220126160844/http://news.sky.com/
1031;https://web.archive.org/web/20220126165152/https://news.sky.com/
1032;https://web.archive.org/web/20220126170817/http://news.sky.com/
1033;https://web.archive.org/web/20220126170817/https://news.sky.com/
1034;https://web.archive.org/web/20220126180428/http://news.sky.com/
1035;https://web.archive.org/web/20220126181010/http://news.sky.com/
1036;https://web.archive.org/web/20220126190904/http://news.sky.com/
1037;https://web.archive.org/web/20220126200848/http://news.sky.com/
1038;https://web.archive.org/web/20220126200848/https://news.sky.com/
1039;https://web.archive.org/web/20220126210834/http://news.sky.com/
1040;https://web.archive.org/web/20220126222419/http://news.sky.com/
1041;https://web.archive.org/web/20220126230526/https://news.sky.com/
1042;https://web.archive.org/web/20220126232816/https://news.sky.com/
1043;https://web.archive.org/web/20220126234653/http://news.sky.com/
1044;https://web.archive.org/web/20220126234653/https://news.sky.com/
1045;https://web.archive.org/web/20220127001616/https://news.sky.com/
1046;https://web.archive.org/web/20220127002109/https://news.sky.com/
1047;https://web.archive.org/web/20220127005058/http://news.sky.com/
1048;https://web.archive.org/web/20220127005059/https://news.sky.com/
1049;https://web.archive.org/web/20220127012016/http://news.sky.com/
1050;https://web.archive.org/web/20220127013214/https://news.sky.com/
1051;https://web.archive.org/web/20220127020214/http://news.sky.com/
1052;https://web.archive.org/web/20220127023326/https://news.sky.com/
1053;https://web.archive.org/web/20220127034231/https://news.sky.com/
1054;https://web.archive.org/web/20220127040109/https://news.sky.com/
1055;https://web.archive.org/web/20220127044522/http://news.sky.com/
1056;https://web.archive.org/web/20220127051346/http://news.sky.com/
1057;https://web.archive.org/web/20220127054043/http://news.sky.com/
1058;https://web.archive.org/web/20220127062448/http://news.sky.com/
1059;https://web.archive.org/web/20220127063454/http://news.sky.com/
1060;https://web.archive.org/web/20220127072606/https://news.sky.com/
1061;https://web.archive.org/web/20220127073201/http://news.sky.com/
1062;https://web.archive.org/web/20220127080936/http://news.sky.com/
1063;https://web.archive.org/web/20220127080936/https://news.sky.com/
1064;https://web.archive.org/web/20220127090741/http://news.sky.com/
1065;https://web.archive.org/web/20220127090742/https://news.sky.com/
1066;https://web.archive.org/web/20220127095634/http://news.sky.com/
1067;https://web.archive.org/web/20220127100942/http://news.sky.com/
1068;https://web.archive.org/web/20220127103237/http://news.sky.com/
1069;https://web.archive.org/web/20220127103238/https://news.sky.com/
1070;https://web.archive.org/web/20220127111004/http://news.sky.com/
1071;https://web.archive.org/web/20220127121011/http://news.sky.com/
1072;https://web.archive.org/web/20220127122528/https://news.sky.com/
1073;https://web.archive.org/web/20220127124249/https://news.sky.com/
1074;https://web.archive.org/web/20220127130954/http://news.sky.com/
1075;https://web.archive.org/web/20220127132401/https://news.sky.com/
1076;https://web.archive.org/web/20220127141028/http://news.sky.com/
1077;https://web.archive.org/web/20220127142957/https://news.sky.com/
1078;https://web.archive.org/web/20220127144605/http://news.sky.com/
1079;https://web.archive.org/web/20220127153344/http://news.sky.com/
1080;https://web.archive.org/web/20220127160942/http://news.sky.com/
1081;https://web.archive.org/web/20220127165110/https://news.sky.com/
1082;https://web.archive.org/web/20220127170623/https://news.sky.com/
1083;https://web.archive.org/web/20220127170957/http://news.sky.com/
1084;https://web.archive.org/web/20220127181045/http://news.sky.com/
1085;https://web.archive.org/web/20220127191028/http://news.sky.com/
1086;https://web.archive.org/web/20220127192900/https://news.sky.com/
1087;https://web.archive.org/web/20220127194534/http://news.sky.com/
1088;https://web.archive.org/web/20220127200941/http://news.sky.com/
1089;https://web.archive.org/web/20220127205115/https://news.sky.com/
1090;https://web.archive.org/web/20220127211022/http://news.sky.com/
1091;https://web.archive.org/web/20220127220949/http://news.sky.com/
1092;https://web.archive.org/web/20220127224835/http://news.sky.com/
1093;https://web.archive.org/web/20220127224835/https://news.sky.com/
1094;https://web.archive.org/web/20220127230953/http://news.sky.com/
1095;https://web.archive.org/web/20220127235231/https://news.sky.com
1096;https://web.archive.org/web/20220128000355/https://news.sky.com/
1097;https://web.archive.org/web/20220128001152/http://news.sky.com/
1098;https://web.archive.org/web/20220128011204/http://news.sky.com/
1099;https://web.archive.org/web/20220128020932/http://news.sky.com/
1100;https://web.archive.org/web/20220128031127/http://news.sky.com/
1101;https://web.archive.org/web/20220128031631/http://news.sky.com/
1102;https://web.archive.org/web/20220128042129/http://news.sky.com/
1103;https://web.archive.org/web/20220128050718/https://news.sky.com/
1104;https://web.archive.org/web/20220128050946/http://news.sky.com/
1105;https://web.archive.org/web/20220128050946/https://news.sky.com/
1106;https://web.archive.org/web/20220128051608/http://news.sky.com/
1107;https://web.archive.org/web/20220128051609/https://news.sky.com/
1108;https://web.archive.org/web/20220128053338/https://news.sky.com/
1109;https://web.archive.org/web/20220128054431/http://news.sky.com/
1110;https://web.archive.org/web/20220128061009/http://news.sky.com/
1111;https://web.archive.org/web/20220128070959/http://news.sky.com/
1112;https://web.archive.org/web/20220128090714/http://news.sky.com/
1113;https://web.archive.org/web/20220128090827/http://news.sky.com/
1114;https://web.archive.org/web/20220128100911/http://news.sky.com/
1115;https://web.archive.org/web/20220128104249/http://news.sky.com/
1116;https://web.archive.org/web/20220128110117/http://news.sky.com/
1117;https://web.archive.org/web/20220128120102/https://news.sky.com/
1118;https://web.archive.org/web/20220128131027/http://news.sky.com/
1119;https://web.archive.org/web/20220128150942/http://news.sky.com/
1120;https://web.archive.org/web/20220128160919/http://news.sky.com/
1121;https://web.archive.org/web/20220128170951/http://news.sky.com/
1122;https://web.archive.org/web/20220128172903/https://news.sky.com/
1123;https://web.archive.org/web/20220128203527/https://news.sky.com/
1124;https://web.archive.org/web/20220128230950/http://news.sky.com/
1125;https://web.archive.org/web/20220128232505/https://news.sky.com/
1126;https://web.archive.org/web/20220129000923/http://news.sky.com/
1127;https://web.archive.org/web/20220129003153/https://news.sky.com/
1128;https://web.archive.org/web/20220129021204/http://news.sky.com/
1129;https://web.archive.org/web/20220129030935/http://news.sky.com/
1130;https://web.archive.org/web/20220129030935/https://news.sky.com/
1131;https://web.archive.org/web/20220129035707/http://news.sky.com/
1132;https://web.archive.org/web/20220129045723/https://news.sky.com/
1133;https://web.archive.org/web/20220129051004/http://news.sky.com/
1134;https://web.archive.org/web/20220129051004/https://news.sky.com/
1135;https://web.archive.org/web/20220129054819/http://news.sky.com/
1136;https://web.archive.org/web/20220129055404/http://news.sky.com/
1137;https://web.archive.org/web/20220129055404/https://news.sky.com/
1138;https://web.archive.org/web/20220129061048/http://news.sky.com/
1139;https://web.archive.org/web/20220129085543/https://news.sky.com/
1140;https://web.archive.org/web/20220129090923/http://news.sky.com/
1141;https://web.archive.org/web/20220129092816/https://news.sky.com/
1142;https://web.archive.org/web/20220129100955/http://news.sky.com/
1143;https://web.archive.org/web/20220129104448/https://news.sky.com/
1144;https://web.archive.org/web/20220129110006/http://news.sky.com/
1145;https://web.archive.org/web/20220129110006/https://news.sky.com/
1146;https://web.archive.org/web/20220129110959/http://news.sky.com/
1147;https://web.archive.org/web/20220129121032/http://news.sky.com/
1148;https://web.archive.org/web/20220129143758/https://news.sky.com/
1149;https://web.archive.org/web/20220129152501/https://news.sky.com/
1150;https://web.archive.org/web/20220129164912/http://news.sky.com/
1151;https://web.archive.org/web/20220129170050/https://news.sky.com/
1152;https://web.archive.org/web/20220129180910/http://news.sky.com/
1153;https://web.archive.org/web/20220129190309/http://news.sky.com/
1154;https://web.archive.org/web/20220129191107/http://news.sky.com/
1155;https://web.archive.org/web/20220129200941/http://news.sky.com/
1156;https://web.archive.org/web/20220129202948/http://news.sky.com/
1157;https://web.archive.org/web/20220129214808/https://news.sky.com/
1158;https://web.archive.org/web/20220129223455/http://news.sky.com/
1159;https://web.archive.org/web/20220129230959/http://news.sky.com/
1160;https://web.archive.org/web/20220129230959/https://news.sky.com/
1161;https://web.archive.org/web/20220130000952/http://news.sky.com/
1162;https://web.archive.org/web/20220130000952/https://news.sky.com/
1163;https://web.archive.org/web/20220130003727/http://news.sky.com/
1164;https://web.archive.org/web/20220130003728/https://news.sky.com/
1165;https://web.archive.org/web/20220130023756/https://news.sky.com/
1166;https://web.archive.org/web/20220130030935/http://news.sky.com/
1167;https://web.archive.org/web/20220130040955/http://news.sky.com/
1168;https://web.archive.org/web/20220130043558/http://news.sky.com/
1169;https://web.archive.org/web/20220130050532/https://news.sky.com/
1170;https://web.archive.org/web/20220130050945/http://news.sky.com/
1171;https://web.archive.org/web/20220130053702/http://news.sky.com/
1172;https://web.archive.org/web/20220130061028/http://news.sky.com/
1173;https://web.archive.org/web/20220130070944/http://news.sky.com/
1174;https://web.archive.org/web/20220130072956/https://news.sky.com/
1175;https://web.archive.org/web/20220130082130/http://news.sky.com/
1176;https://web.archive.org/web/20220130090908/http://news.sky.com/
1177;https://web.archive.org/web/20220130095308/http://news.sky.com/
1178;https://web.archive.org/web/20220130100838/http://news.sky.com/
1179;https://web.archive.org/web/20220130105053/http://news.sky.com/
1180;https://web.archive.org/web/20220130105927/http://news.sky.com/
1181;https://web.archive.org/web/20220130110931/http://news.sky.com/
1182;https://web.archive.org/web/20220130120744/https://news.sky.com/
1183;https://web.archive.org/web/20220130130455/https://news.sky.com/
1184;https://web.archive.org/web/20220130140857/http://news.sky.com/
1185;https://web.archive.org/web/20220130151331/http://news.sky.com/
1186;https://web.archive.org/web/20220130152028/https://news.sky.com/
1187;https://web.archive.org/web/20220130152611/https://news.sky.com/
1188;https://web.archive.org/web/20220130160856/http://news.sky.com/
1189;https://web.archive.org/web/20220130170444/https://news.sky.com/
1190;https://web.archive.org/web/20220130171208/http://news.sky.com/
1191;https://web.archive.org/web/20220130171700/http://news.sky.com/
1192;https://web.archive.org/web/20220130180833/http://news.sky.com/
1193;https://web.archive.org/web/20220130192510/http://news.sky.com/
1194;https://web.archive.org/web/20220130200948/http://news.sky.com/
1195;https://web.archive.org/web/20220130210902/http://news.sky.com/
1196;https://web.archive.org/web/20220130212206/http://news.sky.com/
1197;https://web.archive.org/web/20220130220909/http://news.sky.com/
1198;https://web.archive.org/web/20220130223554/http://news.sky.com/
1199;https://web.archive.org/web/20220130230904/http://news.sky.com/
1200;https://web.archive.org/web/20220131000846/http://news.sky.com/
1201;https://web.archive.org/web/20220131010949/http://news.sky.com/
1202;https://web.archive.org/web/20220131020919/http://news.sky.com/
1203;https://web.archive.org/web/20220131032032/http://news.sky.com/
1204;https://web.archive.org/web/20220131040859/http://news.sky.com/
1205;https://web.archive.org/web/20220131040859/https://news.sky.com/
1206;https://web.archive.org/web/20220131043528/https://news.sky.com/
1207;https://web.archive.org/web/20220131045833/https://news.sky.com/
1208;https://web.archive.org/web/20220131050843/https://news.sky.com/
1209;https://web.archive.org/web/20220131060845/http://news.sky.com/
1210;https://web.archive.org/web/20220131070842/http://news.sky.com/
1211;https://web.archive.org/web/20220131071916/http://news.sky.com/
1212;https://web.archive.org/web/20220131072240/https://news.sky.com/
1213;https://web.archive.org/web/20220131080906/http://news.sky.com/
1214;https://web.archive.org/web/20220131090136/https://news.sky.com/
1215;https://web.archive.org/web/20220131090806/http://news.sky.com/
1216;https://web.archive.org/web/20220131091912/https://news.sky.com/
1217;https://web.archive.org/web/20220131100903/http://news.sky.com/
1218;https://web.archive.org/web/20220131110855/http://news.sky.com/
1219;https://web.archive.org/web/20220131113901/https://news.sky.com/
1220;https://web.archive.org/web/20220131120847/http://news.sky.com/
1221;https://web.archive.org/web/20220131130719/https://news.sky.com/
1222;https://web.archive.org/web/20220131130904/http://news.sky.com/
1223;https://web.archive.org/web/20220131133712/https://news.sky.com/
1224;https://web.archive.org/web/20220131140816/http://news.sky.com/
1225;https://web.archive.org/web/20220131143839/https://news.sky.com/
1226;https://web.archive.org/web/20220131150844/http://news.sky.com/
1227;https://web.archive.org/web/20220131155723/https://news.sky.com/
1228;https://web.archive.org/web/20220131161255/http://news.sky.com/
1229;https://web.archive.org/web/20220131165514/https://news.sky.com/
1230;https://web.archive.org/web/20220131170912/http://news.sky.com/
1231;https://web.archive.org/web/20220131180923/http://news.sky.com/
1232;https://web.archive.org/web/20220131181640/https://news.sky.com/
1233;https://web.archive.org/web/20220131192333/https://news.sky.com/
1234;https://web.archive.org/web/20220131194804/https://news.sky.com/
1235;https://web.archive.org/web/20220131200734/https://news.sky.com/
1236;https://web.archive.org/web/20220131200927/http://news.sky.com/
1237;https://web.archive.org/web/20220131210814/http://news.sky.com/
1238;https://web.archive.org/web/20220131210959/http://news.sky.com/
1239;https://web.archive.org/web/20220131211010/https://news.sky.com/
1240;https://web.archive.org/web/20220131214036/http://news.sky.com/
1241;https://web.archive.org/web/20220131222733/http://news.sky.com/
1242;https://web.archive.org/web/20220131222735/https://news.sky.com/
1243;https://web.archive.org/web/20220201000428/https://news.sky.com/
1244;https://web.archive.org/web/20220201002054/http://news.sky.com/
1245;https://web.archive.org/web/20220201011003/http://news.sky.com/
1246;https://web.archive.org/web/20220201020333/http://news.sky.com/
1247;https://web.archive.org/web/20220201030852/http://news.sky.com/
1248;https://web.archive.org/web/20220201040830/http://news.sky.com/
1249;https://web.archive.org/web/20220201050925/http://news.sky.com/
1250;https://web.archive.org/web/20220201070828/https://news.sky.com/
1251;https://web.archive.org/web/20220201080853/http://news.sky.com/
1252;https://web.archive.org/web/20220201081815/https://news.sky.com/
1253;https://web.archive.org/web/20220201090832/http://news.sky.com/
1254;https://web.archive.org/web/20220201092516/http://news.sky.com/
1255;https://web.archive.org/web/20220201093802/http://news.sky.com/
1256;https://web.archive.org/web/20220201095451/https://news.sky.com/
1257;https://web.archive.org/web/20220201100805/http://news.sky.com/
1258;https://web.archive.org/web/20220201110913/http://news.sky.com/
1259;https://web.archive.org/web/20220201120841/http://news.sky.com/
1260;https://web.archive.org/web/20220201130829/http://news.sky.com/
1261;https://web.archive.org/web/20220201140547/http://news.sky.com/
1262;https://web.archive.org/web/20220201140901/http://news.sky.com/
1263;https://web.archive.org/web/20220201150826/http://news.sky.com/
1264;https://web.archive.org/web/20220201155556/https://news.sky.com/
1265;https://web.archive.org/web/20220201160840/http://news.sky.com/
1266;https://web.archive.org/web/20220201170631/https://news.sky.com/
1267;https://web.archive.org/web/20220201180834/http://news.sky.com/
1268;https://web.archive.org/web/20220201190902/http://news.sky.com/
1269;https://web.archive.org/web/20220201193017/https://news.sky.com/
1270;https://web.archive.org/web/20220201195625/https://news.sky.com/
1271;https://web.archive.org/web/20220201200905/http://news.sky.com/
1272;https://web.archive.org/web/20220201200905/https://news.sky.com/
1273;https://web.archive.org/web/20220201211333/http://news.sky.com/
1274;https://web.archive.org/web/20220201224339/https://news.sky.com/
1275;https://web.archive.org/web/20220201230947/https://news.sky.com/
